{
  "timeout": 1800,
  "repeat": 10,
  "sigmaValues": [
    0.0000001,
    0.0000005,
    0.000001,
    0.000005,
    0.00001,
    0.00005,
    0.0001,
    0.0005,
    0.001,
    0.01,
    0.1,
    1.0,
    5.0,
    10.0,
    25.0,
    50.0,
    75.0,
    100.0
  ]
}